time,parallelism
0:00:17.349315,process
0:01:52.451265,none
0:01:52.942582,thread
